measure,avg_jaccard,min_jaccard
path,0.2919990905616735,0.0
feature_order,0.2946256967597083,0.0
feature_set,0.7237414965986394,0.42857142857142855
